temperature,humidity,pressure,wind_speed,rain_mm,cloud_cover
15.37,56.85,997.52,0.78,0.0,12
17.99,51.27,1007.69,6.55,0.0,11
20.39,83.09,1016.58,10.97,0.15,80
15.49,80.58,1022.31,4.98,1.08,41
14.64,90.29,998.77,9.39,0.0,83
20.69,77.99,1022.33,9.63,1.99,36
13.14,51.59,999.8,1.86,0.71,7
18.87,66.42,1006.77,8.44,0.19,26
18.91,61.33,997.37,6.1,1.12,80
14.98,49.72,1021.32,7.2,0.0,77
20.46,58.23,1014.09,7.24,0.0,7
16.75,88.74,1028.38,8.69,0.0,78
19.86,82.49,1004.23,8.36,0.12,71
14.57,60.97,1013.93,5.62,0.55,23
21.38,80.0,1004.29,0.56,0.0,22
12.95,48.83,995.75,13.61,1.28,30
18.01,51.64,1010.81,2.59,0.0,65
19.01,69.21,1014.06,8.97,0.0,77
18.79,79.84,1010.43,10.93,0.28,41
18.07,82.75,995.06,2.28,0.53,44
20.54,76.05,1010.13,10.95,0.47,16
19.49,74.31,1028.58,6.41,0.38,27
14.69,83.63,1017.42,9.39,0.0,41
18.83,57.29,1015.23,13.52,0.0,54
17.49,90.55,997.16,11.37,0.0,3
16.4,75.31,1002.04,10.63,1.97,36
19.87,55.08,1028.46,5.45,0.0,84
18.15,84.38,1002.1,7.14,0.11,79
15.01,91.63,999.01,0.5,0.0,48
20.95,56.13,1011.31,3.44,0.9,64
17.51,46.88,1027.47,2.54,0.0,54
20.9,78.01,1012.67,13.47,0.0,8
15.66,46.17,1003.81,12.08,0.94,1
16.73,55.97,999.14,8.74,1.48,5
17.2,72.74,1011.36,11.02,0.45,91
14.62,82.18,998.08,3.73,0.34,53
14.3,62.46,1003.24,4.41,0.0,69
16.61,66.11,997.82,11.81,1.14,46
13.32,75.85,1026.99,1.22,0.0,55
15.92,73.78,1027.18,4.64,0.0,8
14.03,64.47,998.62,8.82,0.02,69
15.1,94.03,1014.32,13.88,2.07,30
19.08,78.23,1024.2,7.86,1.41,6
20.73,74.23,1006.78,7.46,1.72,22
18.67,80.94,1013.67,10.09,0.92,20
19.68,89.65,1024.15,5.27,0.87,1
14.21,80.7,1028.26,9.3,0.0,47
20.54,54.82,1007.09,8.44,0.06,56
16.97,66.78,1000.98,2.15,0.7,80
14.76,72.17,995.28,10.02,0.27,70
13.01,94.69,1012.31,7.62,0.0,82
16.47,82.26,996.16,0.61,0.0,91
18.47,54.95,998.71,11.59,1.63,84
15.4,91.84,1018.01,11.21,0.54,73
16.07,86.0,1015.68,6.6,0.92,53
18.53,49.16,1028.09,5.9,0.94,29
20.19,69.55,1022.63,6.56,1.1,48
14.8,71.04,999.29,11.92,1.83,100
13.91,58.16,1013.47,3.0,0.0,13
19.59,89.73,1029.28,8.22,0.0,63
18.61,74.09,1004.73,8.75,0.67,32
19.99,76.71,1001.77,10.71,0.0,43
14.33,49.39,998.62,5.74,1.51,22
13.24,69.9,1005.18,3.33,0.0,38
16.22,84.39,1019.62,9.89,0.37,70
14.12,84.32,1001.12,3.95,1.25,16
13.06,77.28,997.2,2.37,1.36,70
21.2,68.39,1000.54,4.39,0.62,100
14.45,51.11,1014.5,8.75,1.54,22
20.97,46.73,1000.19,9.33,0.57,66
16.18,51.42,1026.14,2.72,1.02,99
14.26,86.31,1017.56,1.09,0.0,55
14.26,61.51,1018.59,7.07,0.0,31
16.96,86.93,1003.7,6.95,0.35,54
18.07,75.36,999.17,11.87,0.39,4
16.91,72.3,1005.95,6.36,0.57,19
13.81,73.21,1019.11,9.6,0.0,50
20.66,61.69,1017.21,3.28,2.15,47
17.04,59.19,1017.87,4.16,1.33,83
17.48,74.13,1023.08,7.52,1.34,24
18.35,72.74,1007.56,5.58,2.41,46
20.08,76.13,1016.17,3.44,0.0,25
13.59,59.12,1001.41,1.05,2.37,48
15.07,94.54,1018.85,13.72,1.47,60
14.55,79.53,1017.18,2.6,0.0,20
14.79,52.85,1000.6,4.68,0.87,54
19.0,67.8,1028.98,12.19,0.91,1
18.67,93.03,1029.56,8.73,0.0,47
16.12,54.45,1018.27,1.69,0.46,11
18.67,87.96,1003.5,5.73,2.73,12
21.42,47.32,1003.32,2.95,0.82,6
16.4,67.08,1020.63,3.63,0.47,97
20.86,92.28,1013.08,12.92,1.22,80
16.12,62.0,995.26,0.93,0.0,24
18.96,71.99,998.38,3.27,0.75,40
13.07,71.41,1004.4,10.45,0.64,29
16.55,69.69,1027.28,13.18,0.34,40
17.44,69.86,1002.53,10.09,0.6,11
14.44,72.26,1022.47,5.97,0.07,45
16.03,63.77,1025.24,10.98,1.05,59
18.36,45.55,1022.13,3.15,0.0,89
13.8,73.19,1004.39,12.43,0.69,29
17.55,59.12,999.84,12.34,0.81,70
20.14,80.32,1024.34,10.33,0.0,27
18.37,77.11,997.51,2.73,1.06,14
16.3,73.63,1008.71,13.62,0.04,13
16.07,87.25,1006.59,13.11,1.14,33
14.3,56.42,1004.62,2.01,0.63,71
13.42,72.68,1021.49,11.01,0.0,32
14.19,56.68,1013.35,11.97,0.0,6
18.25,72.4,1014.09,2.34,1.64,17
18.8,72.71,1001.86,8.92,0.95,0
15.06,68.3,1029.18,1.19,0.71,96
18.14,63.2,1014.68,12.8,0.0,64
16.22,54.42,1026.35,10.21,3.13,80
15.13,64.87,1019.04,1.06,0.0,12
19.12,69.45,1028.02,10.73,0.0,91
17.43,94.22,1020.28,0.53,2.24,28
19.54,53.45,1016.96,12.36,1.46,30
14.25,86.24,1012.69,1.69,0.98,15
20.33,90.31,996.02,13.31,0.0,69
17.03,85.91,1029.84,6.56,0.37,56
20.12,62.43,1002.85,6.24,1.05,82
14.3,46.05,1014.91,0.91,0.01,41
14.49,78.34,1003.4,10.07,1.75,44
16.0,89.71,999.56,4.54,0.58,22
21.97,48.88,1021.94,7.27,0.01,93
16.22,69.29,1003.81,0.88,2.21,51
17.89,91.07,1000.26,0.26,2.15,28
19.75,67.56,1004.5,11.91,0.0,75
17.8,69.7,1021.25,3.78,1.06,90
15.62,76.74,1015.99,12.14,0.67,18
16.48,58.29,1027.26,7.69,1.67,41
15.52,49.53,1008.54,11.51,0.68,71
19.97,69.87,1010.63,7.79,0.0,29
18.51,82.15,1016.03,10.6,0.0,83
13.13,57.23,997.26,8.42,0.84,56
13.19,70.62,1001.69,4.5,3.21,98
20.8,82.83,997.33,3.72,1.83,93
16.0,58.27,1007.43,7.16,2.38,70
17.82,85.48,1020.86,6.63,1.3,92
13.16,89.11,996.04,2.03,2.27,51
18.88,86.13,997.1,7.51,0.2,15
17.1,85.9,1019.57,3.6,0.08,16
14.58,62.84,1025.79,12.7,1.5,60
14.59,58.36,996.08,7.61,1.13,97
17.04,66.18,1021.79,10.95,1.42,67
18.7,83.99,1002.87,4.86,0.0,40
19.95,71.12,1020.16,11.73,0.0,55
14.2,86.18,997.2,11.11,0.0,57
13.69,85.79,1015.93,8.44,0.0,84
17.17,79.44,1008.83,5.68,0.0,63
13.23,87.71,1011.89,7.8,0.0,45
19.97,66.92,1005.45,4.13,0.79,61
15.71,45.65,1016.86,3.05,1.75,98
14.55,62.77,1025.63,5.88,0.0,24
15.71,49.01,1008.23,11.1,1.28,22
15.37,87.63,1011.2,3.87,0.76,74
13.08,65.84,1004.02,4.76,0.0,95
18.49,54.3,1001.85,6.89,0.0,47
17.85,65.79,1015.54,11.52,1.71,84
20.87,79.28,1008.88,12.46,0.0,49
13.92,69.91,1002.79,11.9,0.42,88
13.02,68.43,1004.3,1.89,1.47,21
18.74,67.26,1021.41,8.72,0.05,42
20.38,66.75,1017.3,0.15,0.73,30
21.84,53.41,1015.26,2.91,0.0,100
19.1,83.73,1003.85,7.08,1.5,59
16.84,82.39,1003.47,5.17,1.7,4
17.91,94.27,996.29,13.47,0.14,8
14.42,49.91,1026.89,5.95,0.0,57
15.79,63.16,1021.99,3.1,0.63,70
18.03,71.27,1021.18,10.78,0.2,30
20.27,93.44,1010.19,7.91,0.12,30
15.24,84.61,1002.76,6.87,0.57,87
18.02,91.24,1016.98,9.47,0.0,50
16.9,69.12,1012.44,5.98,0.54,53
16.08,75.0,1009.31,12.47,0.0,14
17.33,75.09,1015.51,6.2,0.71,25
19.54,52.17,1006.34,6.44,0.11,65
15.36,85.21,1001.76,6.48,0.0,77
16.32,48.37,1029.39,3.93,1.37,42
15.67,86.66,1006.71,9.4,0.0,52
16.53,87.19,1024.19,0.16,2.41,39
18.53,45.57,1019.42,8.54,1.45,18
19.4,54.41,1003.46,5.63,0.0,82
19.66,82.36,1005.55,9.45,1.0,87
19.97,80.55,1013.31,13.41,1.58,41
16.18,47.75,1013.03,2.48,0.61,82
16.74,83.99,1018.38,6.22,0.0,95
16.61,54.8,1010.02,10.36,0.0,83
20.77,69.47,1023.35,2.7,0.8,85
15.53,68.36,1029.41,6.68,0.12,57
14.4,91.31,1013.69,13.18,0.0,88
13.97,63.94,1016.42,3.39,0.13,31
13.14,76.63,1002.15,13.55,2.02,48
13.71,68.69,996.91,13.43,1.02,65
19.08,85.06,1003.34,0.75,0.0,52
17.64,45.42,1021.88,2.13,0.25,78
17.85,76.48,1024.19,0.57,0.38,80
14.25,72.86,1015.24,2.74,0.28,67
17.59,64.91,1027.69,10.22,0.96,56
17.33,91.05,1001.21,4.81,0.85,32
19.3,74.45,1008.42,12.81,0.0,30
18.49,91.27,1010.4,6.57,0.0,96
16.58,61.85,1023.04,1.73,0.0,3
15.51,50.34,1017.53,13.89,0.0,0
13.76,55.7,1013.87,6.55,0.63,97
19.64,92.39,1002.96,1.48,0.0,93
16.31,84.99,1023.55,4.43,0.34,43
19.15,83.81,1007.88,12.81,0.0,97
16.57,54.04,1023.48,8.51,0.99,65
12.61,48.7,1005.96,13.28,0.91,66
15.34,74.22,1026.16,7.8,1.43,73
17.31,89.58,1007.78,7.44,3.5,27
16.09,55.46,1002.39,13.07,0.0,48
13.54,72.99,1009.31,11.82,0.0,88
15.27,54.19,1004.0,5.0,0.0,30
16.31,71.33,1004.66,9.99,0.08,20
15.07,90.31,1006.21,2.31,0.86,49
17.21,72.9,1002.81,4.55,0.93,68
15.18,67.23,1008.72,11.62,1.71,72
20.58,83.1,1020.92,3.87,1.07,55
21.91,82.38,1023.35,12.51,0.58,3
13.07,54.81,1010.28,1.14,0.0,60
17.74,92.99,1003.0,8.77,0.87,4
19.52,55.63,1020.86,9.24,0.23,23
19.86,93.89,1029.11,0.6,0.22,14
17.23,84.03,1000.02,11.04,0.0,91
17.31,62.47,1016.29,6.36,1.23,62
19.17,54.68,1016.98,5.79,0.35,58
20.62,71.09,1014.3,3.76,0.94,9
18.44,54.4,1022.7,7.76,1.74,55
18.3,70.43,1011.81,8.14,0.57,60
17.24,78.54,995.57,8.24,0.97,76
16.9,63.25,1022.87,12.71,0.2,68
13.34,58.62,1014.26,7.58,0.0,71
21.22,64.26,1022.11,6.41,0.0,36
18.94,75.22,999.65,1.25,0.36,41
19.94,53.48,1026.39,9.9,0.65,75
15.7,56.86,1020.68,3.56,3.48,68
13.26,68.16,1006.7,7.29,0.87,91
15.85,94.91,995.41,5.18,0.46,43
20.25,59.76,1005.57,7.99,0.6,29
14.5,90.7,1016.62,2.33,0.0,88
14.91,48.24,1029.38,0.02,1.01,51
19.14,65.37,1012.06,1.28,0.63,55
15.19,82.88,1022.29,2.83,0.0,31
17.33,78.41,1026.53,5.18,0.88,68
19.99,58.13,1005.33,1.75,0.0,40
14.08,70.78,1006.71,8.95,0.0,74
14.76,61.18,1018.47,7.62,0.4,82
17.28,72.53,1013.17,11.03,0.03,43
16.58,55.1,1022.08,13.26,0.76,37
14.27,54.38,1016.76,3.53,0.54,31
18.17,70.52,1016.23,5.23,1.23,68
17.29,84.42,1014.78,5.85,0.0,43
18.72,77.13,1001.09,12.84,1.96,5
16.69,53.12,1024.31,2.95,0.85,69
18.75,84.26,1009.08,12.7,1.38,86
14.41,93.21,1017.72,10.97,0.0,67
13.69,79.44,1011.24,9.21,0.0,28
18.58,75.27,1015.64,10.31,0.46,48
13.13,89.7,1000.05,9.96,0.72,90
13.45,87.41,1015.76,12.92,1.32,74
14.82,78.66,999.59,7.38,0.0,41
15.06,87.71,1022.22,8.89,1.41,74
19.55,62.36,1011.81,12.22,0.0,40
18.32,61.04,1013.31,1.79,0.0,100
14.54,49.22,1019.07,9.51,2.19,3
18.8,89.13,1007.94,5.24,0.0,84
19.67,91.95,1011.22,4.23,0.0,71
20.31,88.92,1005.37,12.24,0.93,100
14.93,90.08,1010.32,7.47,1.39,55
18.06,56.42,999.54,5.37,0.0,30
20.64,45.99,1016.52,5.51,1.01,99
14.0,67.62,997.12,9.74,0.21,85
18.1,78.15,1013.99,13.01,1.21,92
16.65,79.63,1004.07,10.19,0.0,94
13.23,72.56,1013.98,6.75,0.0,51
19.09,47.26,1023.35,13.5,2.48,6
19.29,53.78,995.38,11.72,3.42,83
15.97,89.41,1007.16,12.18,1.9,57
17.57,94.3,1012.51,11.97,0.25,70
15.71,67.19,1024.65,13.51,0.0,53
17.45,83.7,1000.79,5.26,0.89,57
13.78,78.44,1005.1,4.3,1.68,0
19.32,90.64,1026.58,6.01,1.53,27
18.03,50.11,1003.33,0.5,0.07,30
19.79,60.74,1026.4,6.32,1.57,64
15.13,60.78,1014.53,8.8,0.82,62
17.0,71.02,1009.06,10.42,0.09,34
15.59,72.69,1004.81,11.0,0.0,71
17.69,91.55,1000.74,10.06,2.7,1
16.64,90.34,1021.94,6.05,0.69,91
16.0,87.14,999.06,8.42,0.22,21
15.87,66.06,1009.88,7.53,0.36,86
15.0,73.26,996.97,9.88,0.0,52
21.17,76.43,1028.52,13.47,1.13,62
21.25,47.56,1014.22,6.25,2.37,8
19.19,83.29,1027.32,13.55,1.04,47
18.91,91.9,1028.75,13.03,1.78,64
19.52,62.11,1024.13,13.38,0.38,30
14.9,68.53,995.03,3.05,1.07,2
18.42,46.54,1004.93,2.78,0.71,20
14.75,60.76,1020.13,9.91,0.44,89
19.14,64.86,1004.15,12.87,0.0,73
16.94,89.77,1000.38,12.01,0.01,42
20.76,81.01,1011.73,9.21,1.25,39
15.54,83.26,1019.65,4.21,0.14,67
15.81,52.26,1002.17,13.33,0.34,73
17.75,58.28,1021.17,4.13,0.0,63
17.0,74.56,1028.19,12.91,1.85,37
16.99,70.58,1001.62,2.5,0.48,31
17.29,68.0,1015.57,7.7,0.0,61
14.36,82.0,1009.77,1.52,1.0,1
21.04,88.2,1009.75,13.11,0.67,39
14.01,79.1,1027.63,4.36,1.61,97
13.97,60.45,1002.08,12.17,0.06,93
19.57,60.29,1025.73,3.32,0.0,70
13.5,75.14,1014.29,6.27,0.0,89
19.84,65.35,1007.65,1.37,0.58,71
15.1,48.26,1024.33,5.64,0.0,12
20.05,82.35,1029.43,9.02,0.82,32
16.1,59.22,1013.25,9.53,0.0,32
18.37,64.46,1015.6,3.12,0.09,94
19.14,51.32,997.08,6.01,0.82,28
18.24,67.28,1004.4,8.2,0.93,16
17.27,79.53,1012.74,1.27,0.11,29
18.16,78.94,1008.33,13.29,0.1,72
20.36,64.29,1027.09,7.57,1.74,65
17.77,59.08,1018.66,2.54,0.0,29
16.03,66.49,1011.75,9.98,0.0,53
16.01,70.28,1010.0,7.79,0.0,57
16.69,46.6,999.13,0.91,0.89,40
16.14,84.67,1009.71,7.62,1.17,86
15.4,78.41,1004.62,3.22,0.0,46
19.98,65.16,1000.35,11.24,0.0,86
17.95,88.32,1021.19,9.04,0.0,92
20.33,89.88,1005.64,1.29,0.0,74
14.4,89.49,1028.39,11.53,0.0,14
19.03,74.08,1021.26,6.16,1.32,20
14.29,72.92,1015.3,9.46,0.0,24
18.99,84.22,1003.45,6.88,1.08,29
15.66,82.81,1021.33,9.7,1.04,37
20.67,56.22,1020.4,8.25,0.07,40
16.51,52.64,1010.48,4.89,0.0,29
13.72,52.36,997.05,8.27,0.52,11
19.38,73.89,995.95,8.72,0.61,95
18.26,86.02,1001.55,12.72,0.0,80
20.95,75.02,1012.0,6.71,1.06,33
12.99,47.89,1012.06,7.81,0.62,12
17.4,64.4,1012.02,4.71,0.0,3
14.93,67.82,1003.49,6.81,1.73,74
18.43,77.04,1027.27,10.36,0.53,27
15.68,71.33,1017.61,6.23,1.06,32
19.51,63.33,999.94,1.59,0.0,42
16.61,91.29,1008.02,12.75,0.0,11
13.04,86.62,1003.45,8.32,1.87,36
17.3,45.01,1003.03,5.85,0.0,47
16.81,93.54,1008.64,13.59,0.63,61
15.84,52.44,998.53,11.17,0.0,13
16.88,85.44,1014.66,10.05,1.49,29
13.49,81.17,1006.8,6.13,1.01,75
21.08,47.0,1025.72,6.34,0.0,9
19.11,67.2,1004.66,13.0,0.07,29
17.38,69.3,1019.59,9.1,0.0,18
16.49,64.38,1012.22,4.4,0.69,53
15.92,46.3,1003.71,4.71,0.21,32
16.71,88.11,1018.84,12.91,1.92,77
20.48,80.84,1023.65,8.8,1.64,30
14.01,81.48,999.81,4.54,0.6,39
20.69,81.23,1015.16,1.6,0.93,10
19.65,70.86,1012.94,10.36,1.55,50
15.37,53.16,1012.01,4.45,0.0,90
17.43,93.53,995.22,2.45,0.0,83
19.76,51.52,1018.2,3.16,2.06,90
14.78,88.54,1025.96,5.87,0.42,89
20.35,78.11,1024.51,5.11,0.33,88
18.55,86.09,998.81,12.21,0.02,81
17.18,80.27,996.98,11.28,2.28,54
17.92,53.09,1002.31,11.42,2.24,20
14.91,65.06,1026.87,3.82,0.73,87
20.18,80.2,995.89,4.79,1.41,51
16.07,92.26,1000.28,9.99,1.53,83
13.61,84.01,1023.2,4.05,0.35,99
17.84,47.29,1021.8,6.5,1.45,62
14.57,61.42,1021.58,1.9,0.46,75
20.5,53.57,998.39,7.08,0.0,53
12.97,62.28,1026.38,13.23,0.69,95
13.73,94.44,996.67,10.67,1.76,82
20.23,46.44,1009.26,7.95,0.0,5
14.84,49.11,1019.95,7.18,0.15,53
18.85,86.3,1018.52,5.85,0.0,86
17.15,79.34,1021.95,7.42,0.0,65
15.16,63.3,1009.82,9.67,0.14,28
18.79,53.51,995.18,2.92,0.01,3
14.27,70.94,1015.48,12.95,0.0,27
15.46,67.44,1011.67,4.64,1.73,63
21.34,92.63,997.58,2.91,0.0,87
18.27,66.75,1009.14,2.59,0.45,87
15.57,51.45,1015.81,0.97,0.16,87
16.77,50.53,1010.45,2.53,1.52,66
19.18,93.57,1019.51,4.89,0.38,43
15.14,62.69,1029.93,2.24,0.71,86
15.68,45.51,1029.59,11.28,0.0,20
16.62,51.62,1015.6,1.42,0.23,48
19.99,57.31,1019.53,4.78,0.47,58
19.49,79.58,1025.08,2.43,0.0,86
15.97,53.6,1023.96,13.56,0.53,64
18.79,80.37,1001.24,0.33,0.0,34
15.7,86.69,998.47,13.6,0.0,52
14.57,67.89,1020.4,11.35,1.06,67
15.39,68.2,1002.7,6.58,1.63,79
15.67,72.34,1002.92,4.7,0.0,51
20.87,75.43,1004.38,11.74,0.0,96
16.59,55.88,1010.13,8.97,0.0,98
21.86,83.08,1022.85,12.16,0.54,31
20.17,52.29,1023.33,7.42,0.93,89
17.74,51.13,1010.66,5.63,0.93,19
16.64,63.88,1013.28,8.87,0.0,78
19.71,60.11,1006.97,0.86,0.22,48
15.96,53.97,1018.06,3.99,1.12,12
19.54,78.34,998.43,5.47,0.21,61
17.14,60.73,1029.12,4.73,0.23,55
14.44,85.3,1006.11,3.3,0.63,47
13.14,56.84,1005.18,7.99,0.0,52
15.46,81.29,1010.99,0.47,0.0,71
18.28,46.72,1003.43,7.1,0.0,100
18.79,94.82,996.36,11.14,0.0,86
17.86,67.76,1002.74,4.65,0.68,76
20.79,77.91,1015.45,7.86,2.9,70
20.34,52.24,1022.34,4.24,0.27,89
14.04,59.69,999.77,4.92,0.41,43
15.87,93.05,1022.24,0.57,2.03,18
20.93,67.71,997.77,0.76,0.77,60
14.14,53.25,1017.16,1.28,0.0,43
12.87,70.75,1009.77,8.52,0.56,40
15.66,60.72,1020.96,13.45,0.56,37
16.07,72.73,1004.26,2.92,1.0,52
13.06,48.6,1005.0,10.49,0.5,79
21.37,50.25,1007.67,4.53,0.24,23
16.95,52.36,1000.54,13.05,2.91,18
15.22,57.89,1003.11,3.76,1.49,64
20.81,92.71,1017.52,13.27,0.88,37
15.34,49.78,1013.49,13.8,0.35,58
20.42,57.07,1019.72,4.77,0.0,85
14.83,55.31,1014.14,11.64,0.28,11
18.7,66.49,1013.84,0.32,2.15,49
18.58,62.28,1011.64,5.27,0.12,2
20.08,66.37,995.6,2.5,0.93,11
21.14,54.28,1001.14,9.46,0.0,33
17.98,84.84,1018.84,1.12,0.0,92
16.22,83.0,1008.84,3.82,0.0,35
15.51,64.17,1014.5,9.47,1.17,45
20.5,57.45,998.83,5.71,0.0,71
20.96,75.67,1020.97,6.56,0.0,91
20.49,53.72,1022.58,11.09,0.0,39
17.07,61.27,1022.73,7.51,0.95,88
13.04,69.82,1019.88,11.08,0.0,93
20.07,82.78,1009.31,11.88,0.59,98
17.79,59.34,998.86,2.62,0.0,10
16.5,69.48,1016.59,2.84,1.57,97
17.94,47.02,1020.43,12.44,0.0,40
21.03,59.09,1019.52,7.67,2.86,39
16.21,61.02,1011.56,1.42,0.81,95
20.8,68.13,999.18,5.54,0.0,49
13.06,77.35,996.59,3.73,1.51,40
21.22,71.93,1014.92,3.37,0.0,56
14.14,56.05,1023.08,3.58,2.17,81
19.13,49.95,1017.27,2.75,2.05,52
13.74,54.08,1026.78,12.04,1.59,95
15.53,91.87,1005.94,8.45,1.67,98
20.04,73.31,1000.18,11.87,0.86,8
17.36,77.03,997.82,1.76,0.75,22
17.16,65.32,1018.69,0.35,0.35,12
19.83,75.4,1005.49,10.24,0.65,32
17.73,79.96,1024.78,10.11,0.0,2
18.98,71.04,1017.86,5.28,0.0,29
21.04,53.67,1007.03,0.97,0.26,20
13.02,84.76,1025.56,12.59,0.43,99
14.84,62.92,1014.32,5.15,1.14,63
15.79,82.23,1000.78,8.21,1.08,38
15.2,85.9,1015.99,7.56,1.73,95
21.92,81.59,1005.29,2.34,0.0,49
14.59,71.88,1019.3,1.16,2.24,74
20.14,67.69,1012.69,12.51,0.33,75
13.06,61.26,1001.25,3.92,1.95,71
19.7,81.12,1019.37,12.92,2.61,13
16.64,57.48,1015.69,13.43,0.0,33
20.49,78.92,1000.62,2.82,0.0,34
14.9,91.33,998.51,7.77,0.0,36
16.4,84.04,1005.64,11.99,1.79,20
19.42,57.3,1014.31,10.77,0.56,0
18.53,45.89,999.59,1.77,0.0,47
17.03,57.13,1006.18,7.67,0.95,26
16.82,58.42,996.83,3.95,3.44,49
14.93,69.84,1007.34,0.56,0.0,48
14.4,76.22,1004.1,0.46,0.0,22
16.4,92.37,1016.1,6.15,0.59,91
14.88,52.36,995.86,4.38,0.0,90
17.22,52.69,1027.6,6.97,0.25,86
16.64,68.76,999.99,4.26,1.65,6
19.63,59.44,996.3,2.46,1.28,9
16.44,67.96,1001.7,1.82,0.0,7
17.53,72.82,1008.78,0.42,0.0,38
16.76,55.1,1004.65,11.7,0.66,67
16.14,79.54,1026.85,8.95,0.0,10
18.0,78.88,1014.32,7.28,2.46,21
17.96,91.5,1014.15,6.39,0.08,46
12.8,51.08,1017.12,1.07,0.0,50
15.04,49.17,1000.82,1.64,0.0,31
15.03,80.48,1012.94,12.84,1.56,53
16.44,81.18,998.48,6.76,0.0,49
15.99,54.55,1006.08,8.94,0.64,33
18.61,82.02,1026.17,1.59,1.34,96
15.37,45.92,1004.72,4.89,2.35,26
20.61,84.04,1005.15,0.94,0.35,74
21.33,54.6,1016.93,7.67,2.48,90
14.22,75.31,1009.99,9.38,0.0,74
19.99,85.9,1021.56,7.35,0.0,81
15.34,58.22,999.12,6.02,0.15,76
21.37,60.01,1008.65,1.23,2.24,45
15.64,87.09,1020.17,13.09,0.43,12
14.54,55.02,1026.43,13.18,1.59,36
15.73,62.22,1008.31,0.34,1.98,12
15.31,79.52,1007.89,4.8,0.0,26
16.34,90.23,1005.76,7.38,0.0,68
18.4,76.58,1028.96,2.71,2.05,79
13.68,84.33,1007.79,6.08,0.0,91
13.81,46.81,1022.32,12.83,0.0,45
13.21,64.29,1016.06,4.61,0.0,100
14.94,58.13,1003.26,7.64,0.0,22
16.33,66.51,1002.22,4.22,1.79,23
18.63,49.76,1019.5,9.27,0.0,15
12.6,55.09,1008.94,7.26,1.23,62
21.89,91.29,1022.51,5.64,0.43,37
15.41,54.87,1008.03,9.42,0.0,67
14.62,80.69,1020.65,10.27,1.04,9
18.59,88.07,1021.2,8.27,0.14,61
15.21,68.37,998.28,0.02,0.0,40
16.6,52.91,995.61,13.1,1.34,34
18.32,51.45,1023.95,7.03,1.92,80
18.15,65.35,1011.89,10.06,0.54,58
16.81,50.65,1023.28,5.33,1.5,57
21.24,65.0,1027.18,11.63,0.0,13
19.31,90.37,1024.47,4.35,0.38,2
15.7,64.3,1003.92,4.79,1.65,97
15.6,73.25,1014.63,5.74,0.0,84
13.15,50.05,1007.91,11.27,0.4,23
15.41,85.75,1029.13,6.41,0.25,74
18.34,49.1,1003.57,8.1,0.34,47
14.85,58.05,1017.28,1.28,0.83,96
16.29,90.4,1026.33,8.2,0.13,3
13.58,72.11,1021.68,4.63,0.54,39
16.84,45.26,1029.64,13.49,0.87,17
12.94,90.17,999.43,8.22,1.88,43
14.04,75.82,1021.53,9.6,0.0,30
20.47,81.75,999.93,3.25,2.67,42
19.74,71.88,1023.42,4.62,0.0,7
13.5,67.61,1009.63,1.1,0.93,8
15.41,65.82,1011.31,2.31,0.5,66
17.21,77.61,1022.48,12.56,0.46,73
18.5,89.76,1006.79,10.03,0.0,30
16.36,45.32,997.63,3.73,0.0,15
14.08,56.25,1019.9,3.86,0.82,36
14.77,46.73,1008.07,2.26,0.0,58
20.2,65.09,995.15,9.63,0.0,41
20.28,57.06,1001.21,1.21,1.46,16
14.4,48.57,1010.07,8.21,0.39,79
15.58,57.24,1007.49,13.16,1.19,14
15.29,46.87,1013.86,13.59,0.0,90
14.34,76.86,996.14,4.88,0.15,30
19.92,45.72,1000.06,11.3,2.5,50
18.17,92.26,1004.74,2.2,0.99,84
16.38,51.89,1000.42,11.13,0.9,10
18.9,58.03,1000.65,9.09,0.0,65
18.39,71.59,1005.65,11.01,0.81,32
17.83,94.07,1024.91,3.81,1.06,40
21.0,68.18,999.73,10.13,0.0,14
14.66,91.83,1014.97,2.79,0.0,80
13.79,64.21,999.76,8.92,0.98,58
14.96,84.88,997.42,7.29,0.0,40
18.36,54.38,1008.19,5.49,1.38,13
21.21,78.79,1008.58,0.56,0.24,76
19.08,67.34,1016.52,4.17,1.72,80
17.22,86.72,1014.45,11.87,0.09,63
16.33,47.19,999.83,4.96,0.7,17
17.35,89.2,1018.08,11.81,0.0,86
18.56,85.06,1025.56,13.72,1.92,28
17.59,51.56,1003.12,1.81,0.0,87
18.45,85.47,1012.99,9.71,0.84,20
13.3,93.47,1006.71,3.6,0.24,35
18.87,87.34,998.59,1.51,0.21,94
20.79,79.65,1026.74,2.89,2.86,63
19.23,55.2,1016.29,0.37,0.85,91
14.59,94.36,1002.23,6.72,2.37,61
15.3,54.17,1007.7,9.0,0.26,99
17.49,48.6,1012.68,8.82,1.48,28
20.2,75.91,1023.63,13.21,0.26,54
18.11,47.94,1021.49,0.99,0.0,89
17.39,85.77,997.37,8.09,0.0,84
19.69,64.66,1002.49,4.85,0.4,73
15.1,81.28,998.56,10.42,0.0,66
18.07,77.11,999.35,11.67,0.0,74
14.77,71.08,1011.86,6.83,1.3,3
19.58,55.76,998.91,7.31,0.93,100
16.22,79.29,1029.4,10.97,0.79,99
13.74,85.86,1020.16,5.48,0.0,35
15.98,86.41,1010.82,13.56,1.01,59
17.85,85.35,1027.41,6.21,1.95,68
15.56,79.05,1023.66,5.46,0.32,50
15.95,61.2,1018.12,11.37,1.06,61
19.1,80.65,1018.54,3.43,0.7,27
18.98,65.49,1013.72,10.32,0.2,82
13.59,89.82,1002.67,9.38,0.0,28
18.22,53.95,1021.7,12.24,1.36,93
15.7,92.35,1021.7,12.07,2.4,77
21.82,64.09,1002.55,4.84,0.0,67
18.45,49.47,1000.99,10.31,0.05,42
18.06,68.4,1012.68,0.51,0.19,4
18.53,76.56,1027.41,2.73,0.0,89
16.63,92.15,1005.57,9.72,1.49,34
20.3,56.01,1008.53,0.08,0.34,100
16.2,68.18,1027.74,3.13,1.07,94
17.75,74.74,1002.69,9.81,0.83,97
12.53,55.74,996.75,4.26,1.85,59
15.7,86.59,1008.39,10.95,0.1,45
20.69,83.46,1002.33,1.22,0.6,63
18.24,84.29,1015.78,6.24,1.47,41
19.63,73.85,995.87,11.98,1.23,26
16.36,78.44,1005.41,7.0,0.36,93
17.14,64.4,1017.23,6.91,1.05,38
13.6,49.3,1014.88,3.34,0.0,10
17.29,52.62,1028.45,5.72,0.68,50
13.11,67.25,1011.94,11.37,0.0,63
18.6,90.0,1001.99,6.53,1.17,57
14.63,66.43,1014.75,9.03,0.0,28
15.75,88.68,1022.1,6.51,1.31,22
17.3,59.25,1014.94,7.28,0.03,52
16.48,93.39,1007.14,12.65,0.0,0
15.12,90.05,1012.83,12.98,0.0,76
20.49,75.11,1020.41,5.15,1.03,95
13.11,72.37,1021.04,10.08,0.0,32
19.98,55.16,1002.65,11.9,0.12,37
17.08,46.14,1000.74,7.27,0.53,65
13.21,86.7,1017.59,9.4,0.05,19
20.8,82.94,995.35,12.77,2.34,57
12.66,79.52,1024.43,9.71,1.47,36
17.51,84.7,1028.96,1.28,0.0,38
14.64,83.54,1020.13,7.4,0.0,41
19.45,94.12,1021.6,6.9,1.15,26
20.1,54.59,995.42,7.24,2.03,47
15.65,82.37,1010.64,13.3,0.0,80
21.27,77.94,1017.01,3.58,0.0,50
20.28,64.93,1019.28,2.7,0.0,91
18.44,93.6,1022.46,7.07,1.76,3
14.48,94.4,1024.23,4.18,0.0,10
17.12,77.77,1013.39,1.72,0.0,11
17.39,82.58,1012.64,8.6,0.0,50
13.17,56.09,1012.28,0.32,1.08,28
14.38,59.03,1000.31,1.62,0.59,76
14.78,69.0,1022.41,8.34,1.77,6
17.87,94.22,1010.9,6.39,1.19,100
15.57,64.08,1007.92,10.63,0.77,77
17.91,92.34,1005.33,13.29,0.0,24
14.49,48.88,1027.57,6.07,1.2,56
14.69,66.65,1022.26,7.27,1.23,78
16.26,45.8,1025.23,6.85,0.0,38
16.32,69.08,995.63,13.48,0.62,56
16.43,59.24,1003.59,12.92,0.0,64
21.28,85.57,1012.46,10.79,0.0,61
15.09,91.93,1028.52,12.26,0.47,92
15.78,85.21,1029.09,13.56,1.08,74
15.06,77.34,1025.6,2.12,1.8,32
16.8,63.08,1018.62,2.46,0.0,86
14.53,83.95,1018.03,11.71,0.28,47
19.38,63.22,1001.94,3.59,0.0,63
14.68,60.51,1027.14,10.21,0.0,41
19.27,46.58,1013.99,11.52,0.32,90
20.7,46.09,1029.88,11.99,0.3,100
16.1,73.26,1000.72,10.27,0.97,98
14.86,74.98,1027.26,4.18,1.97,5
18.18,50.36,1019.39,2.82,0.0,20
20.57,90.84,1024.66,5.36,0.0,4
19.32,82.6,1025.28,4.13,2.36,63
21.51,77.97,1015.59,7.98,0.43,15
18.25,74.55,1004.5,9.77,0.0,61
14.69,50.81,1003.99,12.39,0.29,23
21.38,82.65,1013.74,6.98,1.55,16
15.88,81.37,1002.33,2.87,1.54,27
13.22,47.13,1023.28,10.19,0.65,26
20.38,55.19,996.09,1.1,0.31,79
17.04,63.06,1007.28,1.83,0.49,67
19.07,45.25,1000.19,2.32,0.77,12
15.94,50.99,1020.61,0.88,0.86,50
15.44,82.91,1022.39,8.4,0.78,63
18.89,76.32,1017.43,6.73,1.4,82
14.5,91.17,1020.42,11.79,0.26,5
18.67,68.76,1012.8,12.77,0.0,61
16.85,76.99,1021.9,4.07,0.49,92
15.07,66.59,1007.23,11.09,1.66,28
13.66,76.45,1004.65,8.7,0.0,50
16.58,66.87,1028.05,3.81,1.98,53
17.7,59.47,1027.65,6.84,0.0,64
19.86,83.26,1008.77,0.66,1.8,97
17.18,64.54,1010.1,3.98,0.0,31
21.17,76.17,1013.86,6.47,1.31,89
15.27,55.43,997.91,3.32,1.15,10
17.93,62.04,1028.82,11.33,0.0,98
18.18,71.61,1007.97,6.47,0.0,12
20.87,91.8,1028.59,5.21,0.97,40
14.61,85.63,997.51,12.94,0.0,83
14.68,73.24,995.12,4.66,0.0,78
18.15,93.18,1023.56,1.43,0.77,54
20.49,61.98,1007.48,9.15,0.33,38
19.82,64.51,1010.05,6.19,0.0,16
16.56,49.03,1013.65,13.53,0.72,5
16.19,76.77,1010.88,11.95,0.0,43
21.56,75.37,997.45,9.71,0.0,64
15.1,72.63,1004.56,4.14,0.0,5
15.86,73.47,1009.45,10.28,0.0,8
17.82,69.27,1026.83,2.73,0.97,37
15.68,87.62,1017.78,11.56,0.5,88
17.43,78.42,1005.42,2.56,1.57,16
19.01,80.26,1007.94,3.25,0.65,13
15.59,68.39,997.27,1.05,0.0,65
20.22,64.55,1018.66,13.5,1.09,14
16.95,45.14,1012.89,6.07,0.36,91
14.76,89.54,1005.97,5.49,0.31,11
19.26,51.26,1023.06,10.63,2.17,15
20.29,84.41,996.29,9.68,1.31,56
17.98,48.3,1016.99,5.18,0.72,9
14.59,49.94,1024.08,9.4,0.0,64
19.88,80.01,995.01,9.95,1.41,32
17.27,73.05,1026.34,4.86,0.0,88
21.07,73.69,1014.8,12.09,0.0,81
16.74,62.78,995.54,10.89,1.87,27
18.1,51.59,1004.87,6.13,0.0,34
20.08,71.29,999.34,0.62,2.76,23
19.67,55.85,995.35,4.43,0.49,81
15.13,89.98,1029.52,5.48,0.0,78
19.45,62.18,1018.24,11.49,0.62,50
19.74,51.12,1029.04,13.36,0.0,69
17.74,78.79,995.45,3.56,1.29,29
17.0,63.92,1010.32,7.33,1.13,81
17.91,62.57,1008.33,6.87,0.0,77
16.62,91.25,1004.7,12.02,1.0,12
15.0,51.8,1012.05,8.11,0.45,83
20.06,90.8,1002.84,8.32,0.0,64
15.22,50.64,1028.5,9.63,0.0,35
16.61,86.26,1027.98,10.94,1.52,23
19.53,80.08,1000.93,10.49,0.0,89
13.27,84.13,1017.09,7.08,0.0,86
21.38,74.02,1019.27,10.33,0.0,64
17.27,50.82,1027.85,3.52,0.26,31
19.43,64.22,1019.91,11.85,0.0,27
15.12,84.82,1007.89,10.52,1.23,55
15.91,53.61,1028.56,11.05,1.3,33
20.61,69.5,1010.82,13.49,0.0,72
14.37,77.55,1024.64,13.12,0.11,41
12.6,58.86,1011.19,12.18,0.0,35
18.99,70.05,1026.62,6.44,0.0,0
17.83,45.28,1028.59,6.29,0.33,43
16.6,45.23,996.05,11.31,1.04,98
17.71,68.61,1008.2,6.0,0.73,62
15.64,76.92,1024.36,12.9,0.85,1
14.81,74.07,1004.06,0.47,0.65,90
13.74,47.81,1025.55,7.92,0.0,51
18.82,77.8,1007.78,7.72,0.56,69
18.85,71.12,1015.36,10.49,0.0,39
19.94,67.45,1011.63,6.57,0.52,82
20.6,68.2,1023.8,8.14,0.0,17
19.7,78.02,1011.31,3.12,1.74,65
14.0,73.07,1011.87,8.04,1.36,15
19.31,83.82,1027.07,13.99,1.3,64
19.14,69.0,1019.42,0.39,0.18,39
20.34,94.08,996.2,6.12,1.06,1
18.49,68.95,1005.08,13.68,0.84,1
15.98,72.34,1011.9,5.01,0.0,45
15.19,67.18,1005.06,7.12,0.32,25
20.73,59.65,1002.88,4.26,0.16,30
17.1,53.62,1025.56,2.79,0.0,63
14.44,70.7,1023.74,1.35,1.19,71
15.15,73.64,1015.74,12.12,0.92,29
17.46,74.82,1008.81,9.0,0.0,58
15.41,69.74,1027.92,3.98,0.54,64
15.35,63.39,1017.0,7.48,0.74,49
18.63,65.37,1018.7,5.28,0.0,72
15.63,62.16,1014.66,6.08,0.29,24
17.36,55.88,1008.57,6.9,0.62,40
15.49,58.44,996.92,4.95,0.3,33
16.99,68.13,1008.87,5.59,0.0,32
17.39,67.9,1010.53,10.16,0.18,57
15.9,94.47,1028.9,3.63,0.59,60
18.21,51.02,1027.58,13.55,0.0,78
18.27,88.25,1002.14,10.57,0.4,8
18.53,68.04,995.98,3.35,0.14,74
15.14,63.81,1009.49,9.39,0.0,6
16.08,90.41,1026.96,13.83,0.0,67
16.12,60.21,996.88,1.33,1.16,7
18.98,61.25,1022.0,2.5,1.23,89
14.19,77.22,1018.99,13.76,0.0,35
20.77,72.71,1024.85,7.13,0.46,15
20.68,59.32,1013.29,2.77,0.06,49
17.67,82.58,998.57,11.1,0.0,2
17.57,83.04,1006.84,8.87,0.16,47
14.0,91.72,1007.45,4.47,0.45,24
17.57,67.74,1004.11,4.91,0.69,4
17.42,49.87,1027.18,4.21,0.43,92
13.69,62.7,1018.75,2.52,0.0,13
17.24,49.82,1014.24,2.74,0.0,60
20.01,53.21,1029.4,9.83,1.57,92
12.8,65.2,1009.83,0.19,0.0,49
16.98,89.36,1005.08,8.97,1.27,51
15.59,69.28,996.6,8.36,0.0,35
17.22,79.76,1018.85,9.29,0.87,23
16.37,88.44,1027.36,3.46,0.0,19
14.08,72.13,1027.3,10.6,0.95,22
15.72,70.94,1026.13,10.51,0.69,32
14.96,64.37,998.88,1.26,2.7,3
16.77,47.31,1022.85,4.88,0.41,70
14.71,51.65,1010.71,7.98,0.0,88
17.72,58.6,1023.31,5.77,1.46,76
16.31,84.53,1002.65,8.5,0.68,37
20.22,51.7,1014.62,6.47,0.0,10
18.37,55.19,1000.17,1.31,0.0,11
17.6,66.62,1011.6,1.59,0.54,60
16.63,84.98,1003.34,6.34,1.57,15
20.25,79.54,1017.11,13.21,2.19,38
19.96,56.52,1028.08,7.76,0.0,88
14.46,77.1,1015.05,9.41,0.76,85
18.02,65.97,1027.7,2.96,1.42,93
18.54,65.6,997.0,9.1,1.02,22
13.51,55.67,1020.57,0.84,0.0,23
20.18,83.12,1022.08,11.67,0.0,7
14.55,94.45,1009.23,9.98,1.35,0
18.16,62.86,1003.15,13.82,0.0,53
15.65,79.05,1028.88,7.46,1.65,50
18.35,77.35,1022.54,3.06,0.56,50
16.45,85.99,1019.47,1.56,1.27,86
13.2,50.82,1012.95,13.56,0.38,58
18.35,49.59,1008.39,10.72,0.0,94
17.05,90.33,1019.22,8.29,2.2,88
15.49,60.87,1019.15,11.99,0.41,68
13.46,81.94,996.33,0.57,0.39,77
12.75,73.46,1004.63,3.61,0.85,60
18.63,63.96,998.23,7.94,0.0,6
20.61,89.36,998.05,7.28,0.0,37
18.01,93.36,1004.97,3.26,0.78,51
15.04,55.33,998.86,6.58,0.0,44
16.01,76.7,1018.41,12.36,0.0,82
13.88,52.85,1012.59,9.9,0.0,11
20.27,48.29,1012.32,5.43,0.0,81
14.18,66.81,1025.01,11.0,1.22,9
16.25,82.72,1028.92,7.51,0.93,92
12.83,79.62,1011.0,7.38,0.0,59
17.39,82.9,1011.26,1.15,0.0,55
13.64,66.31,999.33,9.77,1.24,96
16.51,89.53,1027.3,6.41,0.0,52
20.81,53.73,1010.26,7.47,0.38,50
14.38,88.97,996.42,7.62,0.07,10
14.53,87.62,995.93,7.0,1.52,75
15.98,64.62,1006.52,11.61,0.0,67
14.55,48.55,1005.54,3.61,1.93,75
19.13,64.21,1007.3,10.17,0.0,49
15.0,52.83,999.64,2.81,0.04,96
20.58,53.66,1024.99,4.75,0.55,12
19.2,71.08,1008.36,8.61,1.09,64
13.94,71.37,1022.4,0.85,1.01,55
15.75,45.88,1029.41,1.58,0.94,54
15.19,47.56,1028.13,0.75,0.8,52
21.2,72.07,1026.79,6.0,0.0,72
16.44,48.85,995.77,5.1,1.24,31
14.56,58.77,1006.48,12.9,0.58,75
17.9,82.91,1028.27,7.85,0.62,44
13.62,82.56,1004.14,11.82,0.41,67
15.21,68.0,997.14,1.61,1.27,0
19.45,51.76,1010.17,4.49,0.19,48
20.16,59.46,998.65,8.44,1.42,77
19.27,70.51,1014.96,6.11,1.65,70
14.81,79.81,1014.73,13.92,0.0,67
15.07,89.77,1002.11,11.18,0.92,85
20.04,46.48,1017.48,4.68,0.76,38
14.57,61.35,1005.35,6.2,1.08,63
16.16,87.19,1011.97,9.78,1.1,1
18.08,55.12,1014.8,10.13,2.18,44
13.1,69.28,1011.47,0.73,0.0,26
14.59,75.88,1015.84,10.75,0.0,47
15.34,65.32,1008.05,4.15,0.0,28
14.03,52.17,1028.3,13.11,0.0,19
20.88,76.37,997.81,2.36,1.82,44
21.72,69.0,997.48,8.44,0.75,15
14.43,70.61,1004.91,4.05,1.86,44
15.8,79.29,1001.64,1.73,1.05,94
15.16,58.34,1004.92,13.71,0.73,88
13.54,63.01,997.81,0.53,0.0,28
19.88,53.77,998.17,8.62,0.0,77
16.09,68.85,996.14,9.3,1.03,2
16.36,59.21,1006.72,13.3,0.0,30
15.2,75.82,995.51,10.66,1.08,41
14.24,59.57,1015.47,5.32,0.22,35
13.55,76.33,1021.52,6.16,0.82,87
21.22,70.54,1023.01,12.41,2.88,15
20.06,68.37,1005.39,1.55,1.46,60
14.53,63.59,1006.07,9.14,1.83,22
17.46,78.61,999.77,11.37,1.82,2
20.97,83.24,1025.2,8.4,0.0,8
20.95,48.9,1006.56,13.92,0.0,74
15.66,75.52,1005.53,1.51,0.0,80
17.74,87.66,1012.76,8.45,1.23,45
17.97,63.6,1005.17,10.89,0.0,68
18.53,79.48,1009.21,9.36,0.58,16
20.55,60.63,1026.02,11.11,0.0,18
16.84,61.86,1026.4,2.11,0.0,53
13.2,80.37,1025.33,6.76,0.0,20
14.67,52.08,1009.33,9.12,0.0,63
17.42,57.24,1022.38,1.36,0.0,36
15.22,78.4,1014.27,4.77,2.04,48
13.64,68.63,1027.26,4.09,0.57,8
16.7,86.39,1026.16,9.88,2.6,12
18.16,83.14,1028.66,5.29,0.0,14
20.64,78.59,997.02,9.12,0.46,64
20.95,52.3,1012.66,9.36,2.4,18
12.85,66.6,1026.76,4.53,0.0,29
15.35,93.87,1027.31,1.15,0.39,46
14.36,52.32,1010.95,5.01,0.0,70
17.92,88.04,1008.74,2.14,0.73,58
15.24,68.79,1007.29,12.53,0.0,71
14.31,47.41,1010.56,5.04,0.69,5
14.94,46.13,1003.17,6.19,0.87,14
14.05,63.84,1000.15,9.85,2.91,22
21.52,83.91,995.01,10.33,1.67,49
20.09,90.69,1019.6,8.85,0.0,93
16.09,69.39,1019.26,2.8,0.0,13
18.57,86.08,998.35,13.69,0.0,37
18.36,47.82,1023.1,10.36,0.21,85
15.77,51.76,1022.49,10.79,0.03,94
15.93,74.8,996.98,1.73,0.64,93
16.28,57.62,996.03,8.55,0.0,14
18.57,52.07,998.28,8.8,0.57,67
16.47,52.05,1017.82,1.08,0.74,69
13.04,94.55,1011.25,11.38,0.0,54
16.97,70.65,1023.05,0.08,1.23,19
15.13,55.85,1002.79,11.52,0.0,41
13.58,77.22,996.08,8.64,0.23,7
15.87,94.75,1029.06,11.72,0.87,8
15.89,65.7,1016.19,5.5,2.25,75
18.05,91.47,1002.25,4.6,1.08,54
16.07,61.09,1013.41,10.68,0.0,0
17.93,73.88,1021.95,4.29,0.0,24
19.73,61.96,1025.38,5.44,0.0,93
20.87,68.87,1002.93,2.14,0.0,71
20.17,63.02,995.18,12.95,1.11,86
18.74,61.81,1025.8,10.66,1.48,77
21.14,61.17,1011.67,2.18,0.0,89
17.66,85.39,1001.77,0.61,0.97,33
18.64,59.65,1009.46,5.17,1.59,77
18.41,68.8,1004.13,7.22,0.0,56
15.37,90.86,1000.75,0.74,1.11,86
19.82,76.06,1012.73,13.06,1.38,66
18.93,77.98,1015.5,5.95,1.4,23
13.38,45.93,998.14,1.09,2.62,52
19.67,75.61,1028.61,10.25,0.47,95
20.51,48.21,1000.74,10.22,1.49,96
12.54,48.57,1020.64,3.92,0.14,73
19.43,50.61,1016.54,13.56,0.06,1
19.75,62.32,1015.32,0.01,0.0,11
17.78,68.62,997.92,9.42,0.63,62
21.97,45.11,995.05,10.85,1.0,23
13.13,76.36,1018.56,0.22,1.05,50
14.37,61.22,1011.03,13.86,1.86,82
19.22,45.59,1022.4,5.23,2.29,28
20.08,86.49,1015.95,11.93,0.15,13
19.11,94.17,1005.25,13.86,0.0,44
13.91,72.4,1006.31,2.44,1.82,24
18.57,78.92,1018.13,7.14,0.0,84
15.83,76.77,996.06,6.6,0.53,23
18.79,65.23,1009.97,11.87,1.95,34
20.95,69.55,996.15,4.88,0.67,86
18.43,82.57,996.88,7.95,0.28,88
14.47,62.87,998.15,10.22,0.36,65
19.23,67.48,1017.07,8.48,0.0,92
19.08,49.57,1009.82,11.57,0.0,43
20.46,71.67,1004.1,6.25,0.85,74
19.73,89.09,1010.75,0.27,0.27,78
21.9,89.41,1015.22,9.86,0.4,27
18.02,71.82,1015.59,1.23,0.0,93
16.63,48.47,997.12,11.75,0.0,100
14.71,80.09,997.19,11.62,1.14,20
21.93,90.18,1029.26,8.21,0.0,15
19.35,78.83,998.5,6.23,0.83,50
13.8,66.62,1017.75,7.95,0.64,62
15.14,91.01,1028.32,12.38,0.14,40
15.31,45.57,1021.41,1.89,0.2,85
17.92,73.92,1029.41,8.49,0.0,88
18.98,93.43,1002.15,8.1,0.0,47
14.13,89.96,1018.06,10.02,0.0,62
14.67,91.37,998.86,0.84,0.08,91
14.68,88.68,1024.59,12.9,0.83,25
13.6,63.98,1008.79,3.7,0.01,36
20.86,50.3,1013.82,10.87,0.93,31
18.39,52.31,1024.68,7.93,0.0,13
16.75,63.29,999.43,4.45,0.0,30
14.52,62.56,1020.87,12.47,0.02,26
19.63,79.32,1015.85,9.08,0.77,40
13.08,84.62,1003.38,11.78,0.93,35
19.12,89.55,1018.77,4.02,0.0,50
16.82,92.31,1016.7,13.06,0.0,88
17.38,87.39,1010.18,12.92,0.0,92
19.49,54.03,1000.77,7.68,0.0,91
16.07,48.44,1008.01,11.79,0.32,39
16.55,94.5,1022.8,8.17,1.25,16
14.8,82.68,1014.8,10.95,1.2,36
16.54,53.01,1014.43,2.6,0.0,54
17.3,92.93,1000.65,5.15,1.72,16
17.47,63.11,1018.7,3.01,1.83,45
18.14,66.58,998.72,4.81,0.92,13
18.94,69.06,1015.6,13.19,0.0,86
14.9,93.54,1025.5,5.06,2.41,2
21.13,79.83,1009.04,1.38,0.33,51
15.49,53.07,1025.37,13.39,0.96,75
20.58,87.78,1029.56,7.12,0.0,80
15.5,87.41,1004.57,3.87,1.23,17
16.66,51.8,1028.12,7.26,0.0,70
13.6,83.78,1002.43,0.6,2.11,5
18.27,50.43,997.92,12.67,0.47,25
19.6,91.92,1024.35,7.37,0.0,33
16.14,54.97,1022.58,8.17,1.58,89
17.98,55.28,1015.71,13.18,0.0,37
15.01,94.39,997.34,8.6,0.0,27
19.92,66.99,1028.07,7.55,0.0,46
20.21,76.3,1020.98,7.53,0.0,75
19.71,79.53,1000.93,4.78,0.0,50
21.18,89.45,998.73,5.78,0.0,42
16.37,52.36,1003.69,7.42,0.0,56
19.74,81.16,1010.55,3.58,0.87,97
17.85,57.32,996.91,7.0,0.0,86
19.23,61.65,1006.78,0.6,3.05,93
15.23,65.56,1002.86,13.29,0.85,26
19.05,65.12,1013.17,6.54,0.0,94
21.74,51.93,1003.69,2.68,1.44,74
13.35,67.71,1003.78,3.68,1.6,54
14.8,89.24,998.38,8.84,1.36,43
21.1,75.89,1008.99,2.82,2.87,6
16.37,73.47,1002.95,8.29,1.53,65
17.84,65.48,1015.18,3.91,1.04,38
16.13,58.54,1009.28,11.57,0.0,80
18.41,60.7,1025.71,10.95,0.36,65
19.53,70.0,1022.52,7.71,0.19,12
17.45,49.7,1006.54,3.69,0.4,84
13.6,59.2,1017.64,7.15,0.74,96
14.09,66.46,1017.38,0.83,0.53,63
19.52,73.73,1028.05,3.51,1.28,39
20.81,71.4,998.03,8.12,0.0,100
19.01,66.57,1013.24,1.68,0.42,54
18.93,92.24,996.49,6.69,0.35,7
16.06,77.32,1025.45,5.93,0.0,52
15.17,86.23,995.98,3.41,1.47,88
17.61,82.56,1010.36,7.62,0.23,81
16.78,66.65,1006.71,12.59,0.74,6
12.86,51.15,1017.0,1.42,1.68,2
16.84,72.61,1014.09,11.44,0.49,64
18.42,55.51,1021.5,13.96,0.6,63
16.21,86.36,1002.56,2.34,0.98,76
16.21,54.05,1029.36,10.22,1.46,82
14.68,74.0,1000.36,2.83,0.85,85
17.47,90.47,1011.97,13.88,0.0,36
17.15,84.86,1020.28,13.83,0.19,20
17.55,67.42,1005.0,6.31,0.0,77
15.45,85.72,1027.83,11.94,0.0,34
16.03,87.04,1013.97,10.2,0.66,30
14.13,70.87,1003.14,10.44,3.16,19
14.13,83.11,999.05,5.63,1.38,70
20.48,63.67,1022.71,11.96,0.9,12
15.3,71.5,1026.45,11.35,0.0,75
18.94,60.32,1014.98,13.2,0.88,88
19.53,68.23,1009.73,4.77,0.35,48
14.73,49.47,1019.49,12.7,0.0,7
20.82,78.15,1007.76,8.09,0.0,66
13.87,45.8,1001.63,11.37,0.19,50
18.03,74.86,997.11,12.39,1.03,61
20.38,62.94,1000.86,5.69,1.93,24
15.66,77.83,1005.67,4.87,0.42,56
15.9,69.16,1001.02,1.34,1.38,16
15.96,76.06,1029.32,5.57,0.03,82
14.05,77.88,1008.48,13.48,0.64,77
14.58,57.77,1002.88,3.55,0.51,19
14.53,67.1,1025.75,0.13,0.39,30
14.98,51.35,1023.63,2.44,0.0,47
19.03,84.16,996.64,11.38,0.91,98
20.31,91.97,1006.74,12.67,0.35,49
13.73,94.55,1024.47,1.52,0.04,59
20.54,47.77,1011.58,13.31,0.97,93
16.91,48.87,1022.13,13.32,0.23,34
20.22,65.67,995.45,0.88,1.45,0
17.18,58.85,1029.78,10.22,0.26,62
14.39,78.98,1002.25,3.56,0.29,82
17.75,75.93,1009.05,4.93,0.0,75
15.91,78.35,996.86,1.86,0.86,15
18.49,49.33,1017.46,1.0,0.21,100
15.26,82.78,1016.61,3.97,0.61,34
16.98,61.33,1003.12,2.18,0.0,61
18.98,71.07,1019.13,9.01,0.21,71
16.64,53.9,1012.73,3.68,0.0,97
19.33,55.62,1029.14,12.22,0.0,73
16.85,86.36,1016.06,6.97,0.0,71
14.38,46.99,1010.16,8.35,1.14,14
21.92,66.46,996.25,7.95,0.0,65
20.49,72.93,1006.79,6.63,0.0,44
17.62,93.69,1002.34,9.9,0.0,61
16.55,68.74,1023.98,9.97,0.0,81
18.03,46.11,1026.92,3.52,0.0,25
17.29,83.38,1019.96,13.71,0.36,44
14.03,84.84,998.9,5.42,0.04,78
12.91,76.29,1028.24,6.16,0.36,19
15.37,63.05,1010.08,1.94,0.0,26
13.19,56.79,1014.11,11.09,0.09,46
18.73,85.49,1028.3,10.81,0.32,71
18.14,48.36,1015.05,12.73,0.06,100
13.49,92.25,1015.81,12.11,0.15,47
12.88,89.65,1003.66,10.73,1.43,0
21.28,87.49,1022.55,13.81,2.23,37
14.28,81.14,1022.1,9.01,0.0,14
15.5,54.74,1010.84,7.61,0.0,22
14.81,57.01,1024.19,8.22,0.0,72
20.88,67.93,1013.99,12.83,0.92,66
16.71,55.97,1021.97,4.92,0.49,29
18.03,84.55,1028.45,11.0,0.0,76
15.47,87.82,996.01,8.97,0.0,76
18.19,86.15,1006.7,11.4,2.06,9
17.6,56.23,1011.91,9.35,0.31,32
14.26,52.24,1023.08,13.42,0.66,77
16.23,45.29,1003.65,13.55,0.0,30
13.68,45.51,1005.96,1.96,0.34,26
14.33,48.03,1005.32,3.8,0.38,57
16.25,49.69,1005.21,2.86,1.07,58
21.14,87.94,1004.68,3.34,2.19,15
16.3,94.42,1024.69,12.69,0.0,89
21.38,62.03,1000.43,2.21,0.0,37
20.69,45.01,1001.37,11.81,0.75,92
19.03,59.18,995.23,7.77,1.06,15
13.5,46.9,1008.34,8.62,0.0,31
16.34,51.29,1004.64,4.27,0.0,90
18.71,84.12,1022.12,4.48,0.0,91
17.34,68.75,1028.98,8.93,1.76,99
13.79,66.68,1028.37,2.38,0.0,33
14.31,54.74,999.9,2.01,0.23,72
20.65,46.82,1013.09,9.72,0.44,14
21.2,79.97,1002.55,6.48,0.89,87
18.04,70.07,1013.71,1.11,1.75,92
18.17,94.53,1023.61,10.68,0.71,42
14.57,73.94,1017.01,11.56,0.0,38
13.67,86.34,1017.25,9.04,0.01,96
20.94,58.17,1025.86,3.36,0.0,32
19.96,84.85,1006.67,4.4,0.0,61
19.6,80.09,1005.68,0.77,1.19,0
16.9,83.28,997.54,1.6,2.5,39
17.94,53.2,1015.13,7.31,0.0,99
12.87,88.5,1023.5,13.6,0.51,88
16.6,61.33,1005.84,11.19,0.43,2
19.11,89.59,1002.96,11.63,0.34,7
20.64,94.64,998.09,11.44,0.0,12
14.08,90.83,1008.33,2.04,1.18,44
16.69,93.72,1009.47,5.82,0.0,54
16.88,79.9,1018.42,3.43,0.0,32
16.4,69.14,1029.99,2.94,0.65,52
13.6,62.93,1003.06,4.15,1.25,53
13.13,51.67,1027.58,6.42,0.74,99
20.38,67.78,1016.02,13.1,0.5,97
21.15,93.59,999.05,3.96,0.0,15
16.92,66.34,997.37,8.14,0.4,34
20.69,50.95,998.15,8.6,0.34,68
21.22,93.39,1004.79,4.76,0.11,28
19.08,92.94,1019.14,12.55,0.0,31
17.6,72.0,1023.66,1.65,0.0,42
20.52,68.46,999.2,0.97,0.0,16
17.88,56.95,997.5,8.01,0.19,51
15.9,64.49,997.35,0.06,1.39,98
16.98,82.04,1023.88,7.34,1.91,16
17.93,51.04,1000.4,1.75,0.0,1
17.0,48.36,1015.18,0.46,0.29,23
19.99,91.24,1020.47,8.5,0.0,60
17.08,86.45,1011.66,9.38,0.17,18
14.35,65.0,995.2,9.42,0.41,91
14.28,79.14,1009.9,12.15,1.07,99
15.22,85.2,995.33,4.92,0.44,9
17.47,78.36,1013.53,13.85,1.63,67
12.94,76.38,1011.65,1.14,0.22,63
20.0,68.68,995.45,3.37,1.11,68
13.46,82.35,1000.23,13.94,0.33,91
21.16,80.74,1024.52,1.61,0.0,36
16.38,83.84,1001.24,12.08,0.0,8
18.56,93.73,1009.87,0.49,0.0,20
13.35,54.09,1003.21,1.1,0.0,84
14.94,64.02,1006.54,3.77,0.0,58
17.85,67.95,1012.83,2.92,0.52,54
15.62,53.28,1016.35,9.25,0.96,62
15.04,80.06,1016.28,1.14,0.0,80
19.91,66.55,1008.91,1.55,0.48,19
